-- =====================================================
-- ERP系统测试数据
-- 生成日期: 2026-07-15
-- 说明: 真实感强的中文测试数据，覆盖所有模块和各种状态
-- =====================================================

-- =====================================================
-- 1. 用户权限模块 (RBAC)
-- =====================================================

-- 角色
INSERT INTO roles (id, name, code, description, is_system, created_at, updated_at) VALUES
(1, '超级管理员', 'super_admin', '系统超级管理员，拥有所有权限', true, '2025-01-01 10:00:00', '2025-01-01 10:00:00'),
(2, '系统管理员', 'admin', '系统管理员，管理系统配置', false, '2025-01-01 10:00:00', '2025-01-01 10:00:00'),
(3, '采购经理', 'purchase_manager', '采购模块经理', false, '2025-01-01 10:00:00', '2025-01-01 10:00:00'),
(4, '采购员', 'purchaser', '采购专员', false, '2025-01-01 10:00:00', '2025-01-01 10:00:00'),
(5, '销售经理', 'sales_manager', '销售模块经理', false, '2025-01-01 10:00:00', '2025-01-01 10:00:00'),
(6, '销售员', 'salesman', '销售专员', false, '2025-01-01 10:00:00', '2025-01-01 10:00:00'),
(7, '仓库经理', 'warehouse_manager', '仓库模块经理', false, '2025-01-01 10:00:00', '2025-01-01 10:00:00'),
(8, '仓管员', 'warehouse keeper', '仓库管理员', false, '2025-01-01 10:00:00', '2025-01-01 10:00:00'),
(9, '财务经理', 'finance_manager', '财务模块经理', false, '2025-01-01 10:00:00', '2025-01-01 10:00:00'),
(10, '会计', 'accountant', '财务会计', false, '2025-01-01 10:00:00', '2025-01-01 10:00:00'),
(11, '人事经理', 'hr_manager', '人事模块经理', false, '2025-01-01 10:00:00', '2025-01-01 10:00:00'),
(12, '普通员工', 'employee', '普通员工角色', false, '2025-01-01 10:00:00', '2025-01-01 10:00:00');

-- 用户 (密码: admin123 的哈希值)
INSERT INTO users (id, username, email, password_hash, full_name, phone, is_active, is_superuser, created_at, updated_at) VALUES
(1, 'admin', 'admin@company.com', '$2b$12$LQv3c1yqBWVHxkd0LHAkCOYz6TtxMQJqhN8/LewY5eKyUyxulUKqG', '系统管理员', '13800138001', true, true, '2025-01-01 10:00:00', '2026-01-15 09:30:00'),
(2, 'zhang_wei', 'zhang.wei@company.com', '$2b$12$LQv3c1yqBWVHxkd0LHAkCOYz6TtxMQJqhN8/LewY5eKyUyxulUKqG', '张伟', '13912345678', true, false, '2025-01-02 09:00:00', '2026-01-14 14:20:00'),
(3, 'li_na', 'li.na@company.com', '$2b$12$LQv3c1yqBWVHxkd0LHAkCOYz6TtxMQJqhN8/LewY5eKyUyxulUKqG', '李娜', '13912345679', true, false, '2025-01-03 09:00:00', '2026-01-13 11:45:00'),
(4, 'wang_fang', 'wang.fang@company.com', '$2b$12$LQv3c1yqBWVHxkd0LHAkCOYz6TtxMQJqhN8/LewY5eKyUyxulUKqG', '王芳', '13912345680', true, false, '2025-01-05 09:00:00', '2026-01-12 16:30:00'),
(5, 'liu_hao', 'liu.hao@company.com', '$2b$12$LQv3c1yqBWVHxkd0LHAkCOYz6TtxMQJqhN8/LewY5eKyUyxulUKqG', '刘浩', '13912345681', true, false, '2025-01-06 09:00:00', '2026-01-11 10:15:00'),
(6, 'chen_jing', 'chen.jing@company.com', '$2b$12$LQv3c1yqBWVHxkd0LHAkCOYz6TtxMQJqhN8/LewY5eKyUyxulUKqG', '陈静', '13912345682', true, false, '2025-01-07 09:00:00', '2026-01-10 13:50:00'),
(7, 'yang_ming', 'yang.ming@company.com', '$2b$12$LQv3c1yqBWVHxkd0LHAkCOYz6TtxMQJqhN8/LewY5eKyUyxulUKqG', '杨明', '13912345683', true, false, '2025-01-08 09:00:00', '2026-01-09 15:25:00'),
(8, 'zhao_lei', 'zhao.lei@company.com', '$2b$12$LQv3c1yqBWVHxkd0LHAkCOYz6TtxMQJqhN8/LewY5eKyUyxulUKqG', '赵雷', '13912345684', true, false, '2025-01-09 09:00:00', '2026-01-08 11:40:00'),
(9, 'sun_yan', 'sun.yan@company.com', '$2b$12$LQv3c1yqBWVHxkd0LHAkCOYz6TtxMQJqhN8/LewY5eKyUyxulUKqG', '孙燕', '13912345685', true, false, '2025-01-10 09:00:00', '2026-01-07 14:55:00'),
(10, 'zhou_jian', 'zhou.jian@company.com', '$2b$12$LQv3c1yqBWVHxkd0LHAkCOYz6TtxMQJqhN8/LewY5eKyUyxulUKqG', '周健', '13912345686', true, false, '2025-01-11 09:00:00', '2026-01-06 09:20:00'),
(11, 'wu_mei', 'wu.mei@company.com', '$2b$12$LQv3c1yqBWVHxkd0LHAkCOYz6TtxMQJqhN8/LewY5eKyUyxulUKqG', '吴梅', '13912345687', true, false, '2025-01-12 09:00:00', '2026-01-05 16:10:00'),
(12, 'zheng_kai', 'zheng.kai@company.com', '$2b$12$LQv3c1yqBWVHxkd0LHAkCOYz6TtxMQJqhN8/LewY5eKyUyxulUKqG', '郑凯', '13912345688', true, false, '2025-01-13 09:00:00', '2026-01-04 12:30:00'),
(13, 'xu_ling', 'xu.ling@company.com', '$2b$12$LQv3c1yqBWVHxkd0LHAkCOYz6TtxMQJqhN8/LewY5eKyUyxulUKqG', '许玲', '13912345689', true, false, '2025-01-14 09:00:00', '2026-01-03 10:45:00'),
(14, 'ma_feng', 'ma.feng@company.com', '$2b$12$LQv3c1yqBWVHxkd0LHAkCOYz6TtxMQJqhN8/LewY5eKyUyxulUKqG', '马峰', '13912345690', true, false, '2025-01-15 09:00:00', '2026-01-02 15:35:00'),
(15, 'lin_hao', 'lin.hao@company.com', '$2b$12$LQv3c1yqBWVHxkd0LHAkCOYz6TtxMQJqhN8/LewY5eKyUyxulUKqG', '林浩', '13912345691', true, false, '2025-02-01 09:00:00', '2026-01-01 11:25:00');

-- 用户角色关联
INSERT INTO user_roles (user_id, role_id, created_at) VALUES
(1, 1, '2025-01-01 10:00:00'),
(2, 3, '2025-01-02 09:00:00'),
(3, 5, '2025-01-03 09:00:00'),
(4, 7, '2025-01-05 09:00:00'),
(5, 9, '2025-01-06 09:00:00'),
(6, 4, '2025-01-07 09:00:00'),
(7, 6, '2025-01-08 09:00:00'),
(8, 8, '2025-01-09 09:00:00'),
(9, 10, '2025-01-10 09:00:00'),
(10, 11, '2025-01-11 09:00:00'),
(11, 12, '2025-01-12 09:00:00'),
(12, 4, '2025-01-13 09:00:00'),
(13, 6, '2025-01-14 09:00:00'),
(14, 8, '2025-01-15 09:00:00'),
(15, 10, '2025-02-01 09:00:00');

-- =====================================================
-- 2. 组织架构模块
-- =====================================================

-- 部门
INSERT INTO departments (id, name, code, parent_id, level, sort_order, leader_id, description, created_at, updated_at) VALUES
(1, '华兴科技有限公司', 'HX001', NULL, 1, 1, 1, '公司总部', '2025-01-01 10:00:00', '2026-01-01 10:00:00'),
(2, '采购部', 'HX001001', 1, 2, 1, 2, '负责公司采购业务', '2025-01-01 10:00:00', '2026-01-01 10:00:00'),
(3, '销售部', 'HX001002', 1, 2, 2, 3, '负责公司销售业务', '2025-01-01 10:00:00', '2026-01-01 10:00:00'),
(4, '仓储部', 'HX001003', 1, 2, 3, 4, '负责仓储管理', '2025-01-01 10:00:00', '2026-01-01 10:00:00'),
(5, '财务部', 'HX001004', 1, 2, 4, 5, '负责财务管理', '2025-01-01 10:00:00', '2026-01-01 10:00:00'),
(6, '人力资源部', 'HX001005', 1, 2, 5, 10, '负责人力资源管理', '2025-01-01 10:00:00', '2026-01-01 10:00:00'),
(7, '信息技术部', 'HX001006', 1, 2, 6, 15, '负责信息技术支持', '2025-01-01 10:00:00', '2026-01-01 10:00:00'),
(8, '生产部', 'HX001007', 1, 2, 7, NULL, '负责生产制造', '2025-01-01 10:00:00', '2026-01-01 10:00:00'),
(9, '质检部', 'HX001008', 1, 2, 8, NULL, '负责质量检验', '2025-01-01 10:00:00', '2026-01-01 10:00:00'),
(10, '研发部', 'HX001009', 1, 2, 9, NULL, '负责产品研发', '2025-01-01 10:00:00', '2026-01-01 10:00:00'),
(11, '华东分公司', 'HX002', 1, 2, 10, NULL, '华东地区分公司', '2025-01-01 10:00:00', '2026-01-01 10:00:00'),
(12, '华南分公司', 'HX003', 1, 2, 11, NULL, '华南地区分公司', '2025-01-01 10:00:00', '2026-01-01 10:00:00');

-- 职位
INSERT INTO positions (id, name, code, level, description, created_at, updated_at) VALUES
(1, '总经理', 'P001', 1, '公司总经理', '2025-01-01 10:00:00', '2025-01-01 10:00:00'),
(2, '副总经理', 'P002', 2, '公司副总经理', '2025-01-01 10:00:00', '2025-01-01 10:00:00'),
(3, '部门经理', 'P003', 3, '部门经理', '2025-01-01 10:00:00', '2025-01-01 10:00:00'),
(4, '主管', 'P004', 4, '部门主管', '2025-01-01 10:00:00', '2025-01-01 10:00:00'),
(5, '专员', 'P005', 5, '普通专员', '2025-01-01 10:00:00', '2025-01-01 10:00:00'),
(6, '助理', 'P006', 6, '部门助理', '2025-01-01 10:00:00', '2025-01-01 10:00:00'),
(7, '总监', 'P007', 2, '业务总监', '2025-01-01 10:00:00', '2025-01-01 10:00:00'),
(8, '高级专员', 'P008', 5, '高级专员', '2025-01-01 10:00:00', '2025-01-01 10:00:00');

-- 员工档案
INSERT INTO employee_profiles (user_id, employee_no, department_id, position_id, entry_date, status, created_at, updated_at) VALUES
(1, 'EMP001', 1, 1, '2020-01-01', 'active', '2025-01-01 10:00:00', '2026-01-15 09:30:00'),
(2, 'EMP002', 2, 3, '2020-03-15', 'active', '2025-01-02 09:00:00', '2026-01-14 14:20:00'),
(3, 'EMP003', 3, 3, '2020-02-01', 'active', '2025-01-03 09:00:00', '2026-01-13 11:45:00'),
(4, 'EMP004', 4, 3, '2020-04-10', 'active', '2025-01-05 09:00:00', '2026-01-12 16:30:00'),
(5, 'EMP005', 5, 3, '2020-05-20', 'active', '2025-01-06 09:00:00', '2026-01-11 10:15:00'),
(6, 'EMP006', 2, 5, '2021-03-01', 'active', '2025-01-07 09:00:00', '2026-01-10 13:50:00'),
(7, 'EMP007', 3, 5, '2021-06-15', 'active', '2025-01-08 09:00:00', '2026-01-09 15:25:00'),
(8, 'EMP008', 4, 5, '2021-08-01', 'active', '2025-01-09 09:00:00', '2026-01-08 11:40:00'),
(9, 'EMP009', 5, 5, '2021-09-10', 'active', '2025-01-10 09:00:00', '2026-01-07 14:55:00'),
(10, 'EMP010', 6, 3, '2020-06-01', 'active', '2025-01-11 09:00:00', '2026-01-06 09:20:00'),
(11, 'EMP011', 2, 5, '2022-01-15', 'active', '2025-01-12 09:00:00', '2026-01-05 16:10:00'),
(12, 'EMP012', 3, 5, '2022-03-20', 'active', '2025-01-13 09:00:00', '2026-01-04 12:30:00'),
(13, 'EMP013', 4, 5, '2022-05-10', 'active', '2025-01-14 09:00:00', '2026-01-03 10:45:00'),
(14, 'EMP014', 5, 5, '2022-07-01', 'active', '2025-01-15 09:00:00', '2026-01-02 15:35:00'),
(15, 'EMP015', 7, 3, '2021-11-15', 'active', '2025-02-01 09:00:00', '2026-01-01 11:25:00');

-- =====================================================
-- 3. 仓库模块
-- =====================================================

INSERT INTO warehouses (id, code, name, address, manager_id, contact, capacity, notes, created_at, updated_at) VALUES
(1, 'WH001', '北京总仓', '北京市大兴区亦庄经济技术开发区科创五街38号', 4, '010-88661234', 50000.00, '公司主要仓储中心，负责华北地区配送', '2025-01-01 10:00:00', '2026-01-01 10:00:00'),
(2, 'WH002', '上海仓库', '上海市松江区洞泾镇洞薛路168号', NULL, '021-67667890', 35000.00, '华东地区中心仓', '2025-01-01 10:00:00', '2026-01-01 10:00:00'),
(3, 'WH003', '广州仓库', '广州市黄埔区开发区东鹏大道72号', NULL, '020-82215678', 30000.00, '华南地区中心仓', '2025-01-01 10:00:00', '2026-01-01 10:00:00'),
(4, 'WH004', '深圳仓库', '深圳市宝安区福永街道凤凰山大道288号', NULL, '0755-27891234', 25000.00, '华南分仓，主要负责深圳本地配送', '2025-01-01 10:00:00', '2026-01-01 10:00:00'),
(5, 'WH005', '成都仓库', '成都市龙泉驿区车城东五路188号', NULL, '028-84562345', 20000.00, '西南地区中心仓', '2025-01-01 10:00:00', '2026-01-01 10:00:00'),
(6, 'WH006', '武汉仓库', '武汉市东西湖区柏泉农场走马岭街16号', NULL, '027-83234567', 18000.00, '华中地区中心仓', '2025-01-01 10:00:00', '2026-01-01 10:00:00'),
(7, 'WH007', '西安仓库', '西安市未央区凤城八路168号', NULL, '029-86543210', 15000.00, '西北地区分仓', '2025-01-01 10:00:00', '2026-01-01 10:00:00'),
(8, 'WH008', '杭州仓库', '杭州市萧山区经济技术开发区红垦路88号', NULL, '0571-82871234', 12000.00, '浙江地区分仓', '2025-01-01 10:00:00', '2026-01-01 10:00:00'),
(9, 'WH009', '南京仓库', '南京市江宁区秣陵街道苏源大道88号', NULL, '025-52891234', 15000.00, '江苏地区分仓', '2025-01-01 10:00:00', '2026-01-01 10:00:00'),
(10, 'WH010', '天津仓库', '天津市武清区开发区福源道18号', NULL, '022-29381234', 20000.00, '华北地区分仓，配合北京总仓', '2025-01-01 10:00:00', '2026-01-01 10:00:00'),
(11, 'WH011', '苏州仓库', '苏州市吴中区经济开发区郭巷街道尹山桥路188号', NULL, '0512-65981234', 10000.00, '苏州本地仓', '2025-02-01 10:00:00', '2026-01-01 10:00:00'),
(12, 'WH012', '重庆仓库', '重庆市渝北区北部新区高新园青枫南路12号', NULL, '023-67891234', 18000.00, '西南地区分仓', '2025-02-01 10:00:00', '2026-01-01 10:00:00');

-- =====================================================
-- 4. 产品模块
-- =====================================================

INSERT INTO products (id, code, name, specification, unit, category, barcode, cost_price, selling_price, min_stock, max_stock, lead_time, notes, status, created_at, updated_at) VALUES
-- 电子产品类
(1, 'P001', '联想ThinkPad E15笔记本', 'E15/i7-1165G7/16G/512G/集显/Win11', '台', '笔记本电脑', '6901234560011', 4200.00, 5880.00, 10.00, 100.00, 7, '商务办公本', 'active', '2025-01-01 10:00:00', '2026-01-01 10:00:00'),
(2, 'P002', '戴尔XPS 13笔记本', 'XPS13/i5-1235U/16G/512G/集显/Win11', '台', '笔记本电脑', '6901234560012', 6800.00, 9500.00, 5.00, 50.00, 10, '高端轻薄本', 'active', '2025-01-01 10:00:00', '2026-01-01 10:00:00'),
(3, 'P003', '华硕ROG电竞笔记本', 'ROG/i7-12700H/32G/1TB/RTX3060', '台', '笔记本电脑', '6901234560013', 8500.00, 11800.00, 5.00, 30.00, 14, '游戏电竞本', 'active', '2025-01-01 10:00:00', '2026-01-01 10:00:00'),
(4, 'P004', '华为MateBook 14', '14/i5-1240P/16G/512G/2K触屏', '台', '笔记本电脑', '6901234560014', 4600.00, 6500.00, 10.00, 80.00, 7, '商务触屏本', 'active', '2025-01-01 10:00:00', '2026-01-01 10:00:00'),
(5, 'P005', '苹果MacBook Air', 'M2/8G/256G/13.6寸/午夜色', '台', '笔记本电脑', '6901234560015', 7200.00, 9999.00, 5.00, 40.00, 10, '轻薄旗舰', 'active', '2025-01-01 10:00:00', '2026-01-01 10:00:00'),
(6, 'P006', '小米RedmiBook Pro', '15/i5-12450H/16G/512G/3.2K屏', '台', '笔记本电脑', '6901234560016', 4500.00, 6299.00, 10.00, 60.00, 7, '高性价比本', 'active', '2025-01-01 10:00:00', '2026-01-01 10:00:00'),
(7, 'P007', '三星27寸4K显示器', 'U28R550/4K/IPS/护眼', '台', '显示器', '6901234560017', 1800.00, 2599.00, 20.00, 100.00, 5, '专业设计显示器', 'active', '2025-01-01 10:00:00', '2026-01-01 10:00:00'),
(8, 'P008', '罗技MX Master 3鼠标', '黑色/无线/8000DPI/人体工学', '个', '电脑配件', '6901234560018', 380.00, 599.00, 50.00, 200.00, 7, '高端办公鼠标', 'active', '2025-01-01 10:00:00', '2026-01-01 10:00:00'),
(9, 'P009', 'Cherry机械键盘', 'MX Board 3.0S/红轴/RGB背光', '个', '电脑配件', '6901234560019', 450.00, 699.00, 30.00, 150.00, 7, '机械键盘', 'active', '2025-01-01 10:00:00', '2026-01-01 10:00:00'),
(10, 'P010', '西部数据1TB移动硬盘', 'WD Elements/USB3.0/2.5寸', '个', '存储设备', '6901234560020', 280.00, 429.00, 50.00, 200.00, 5, '移动存储', 'active', '2025-01-01 10:00:00', '2026-01-01 10:00:00'),

-- 办公用品类
(11, 'P011', '得力文件夹A4', '蓝色/PP材质/50页装', '个', '办公文具', '6901234560021', 3.50, 8.00, 200.00, 2000.00, 3, '办公文件夹', 'active', '2025-01-01 10:00:00', '2026-01-01 10:00:00'),
(12, 'P012', '晨光中性笔', '0.5mm/黑色/按动式/12支装', '盒', '办公文具', '6901234560022', 9.00, 18.00, 100.00, 1000.00, 3, '签字笔', 'active', '2025-01-01 10:00:00', '2026-01-01 10:00:00'),
(13, 'P013', '得力订书机', '重型/可订60页/含订书钉', '个', '办公文具', '6901234560023', 18.00, 35.00, 50.00, 300.00, 5, '办公订书机', 'active', '2025-01-01 10:00:00', '2026-01-01 10:00:00'),
(14, 'P014', '3M便利贴', '76x76mm/黄色/100页/5本装', '包', '办公文具', '6901234560024', 12.00, 22.00, 80.00, 500.00, 3, '便利贴', 'active', '2025-01-01 10:00:00', '2026-01-01 10:00:00'),
(15, 'P015', '晨光笔记本', 'B5/100页/横线/软皮面', '本', '办公文具', '6901234560025', 6.00, 12.00, 150.00, 1000.00, 3, '办公笔记本', 'active', '2025-01-01 10:00:00', '2026-01-01 10:00:00'),

-- 办公家具类
(16, 'P016', '震旦办公椅', '网布/可调节扶手/带腰靠/黑色', '把', '办公家具', '6901234560026', 680.00, 1280.00, 20.00, 100.00, 10, '人体工学椅', 'active', '2025-01-01 10:00:00', '2026-01-01 10:00:00'),
(17, 'P017', 'Steelcase升降办公桌', '140x70cm/电动升降/实木桌面', '张', '办公家具', '6901234560027', 2800.00, 4500.00, 5.00, 30.00, 15, '升降办公桌', 'active', '2025-01-01 10:00:00', '2026-01-01 10:00:00'),
(18, 'P018', '圣奥文件柜', '四门/铁皮/带锁/180cm高', '个', '办公家具', '6901234560028', 580.00, 980.00, 10.00, 50.00, 10, '文件存储柜', 'active', '2025-01-01 10:00:00', '2026-01-01 10:00:00'),
(19, 'P019', '光明会议桌', '3.2m x 1.2m/实木/矩形', '张', '办公家具', '6901234560029', 4200.00, 6800.00, 2.00, 10.00, 20, '大型会议桌', 'active', '2025-01-01 10:00:00', '2026-01-01 10:00:00'),
(20, 'P020', '圣奥职员桌', '1.4m x 0.7m/板材/L型', '张', '办公家具', '6901234560030', 580.00, 980.00, 15.00, 80.00, 10, '员工办公桌', 'active', '2025-01-01 10:00:00', '2026-01-01 10:00:00'),

-- 通讯设备类
(21, 'P021', 'iPhone 15 Pro Max', '256G/原色钛金属/全网通', '台', '手机', '6901234560031', 7800.00, 9999.00, 10.00, 50.00, 7, '苹果旗舰手机', 'active', '2025-01-01 10:00:00', '2026-01-01 10:00:00'),
(22, 'P022', '华为Mate 60 Pro', '512G/雅川青/卫星通话', '台', '手机', '6901234560032', 5500.00, 6999.00, 15.00, 80.00, 7, '华为旗舰手机', 'active', '2025-01-01 10:00:00', '2026-01-01 10:00:00'),
(23, 'P023', '小米14 Ultra', '512G/黑色/徕卡影像', '台', '手机', '6901234560033', 4200.00, 5999.00, 20.00, 100.00, 5, '安卓旗舰', 'active', '2025-01-01 10:00:00', '2026-01-01 10:00:00'),
(24, 'P024', '三星Galaxy S24 Ultra', '256G/钛灰色/S Pen', '台', '手机', '6901234560034', 7200.00, 9699.00, 10.00, 50.00, 7, '安卓旗舰', 'active', '2025-01-01 10:00:00', '2026-01-01 10:00:00'),

-- 网络设备类
(25, 'P025', '华为Wi-Fi 6路由器', 'AX3 Pro/3000M/千兆/支持Mesh', '台', '网络设备', '6901234560035', 280.00, 459.00, 30.00, 150.00, 7, '无线路由器', 'active', '2025-01-01 10:00:00', '2026-01-01 10:00:00'),
(26, 'P026', '网件8口千兆交换机', 'GS308/即插即用/铁壳', '台', '网络设备', '6901234560036', 180.00, 299.00, 40.00, 200.00, 5, '网络交换机', 'active', '2025-01-01 10:00:00', '2026-01-01 10:00:00'),
(27, 'P027', 'TP-Link企业级AP', 'AX3000/双频/吸顶式/PoE供电', '台', '网络设备', '6901234560037', 680.00, 1199.00, 20.00, 100.00, 7, '无线接入点', 'active', '2025-01-01 10:00:00', '2026-01-01 10:00:00'),

-- 机械配件类
(28, 'P028', 'NSK轴承6205', '6205ZZ/25x52x15mm/双防尘盖', '个', '机械配件', '6901234560038', 25.00, 58.00, 100.00, 1000.00, 7, '深沟球轴承', 'active', '2025-01-01 10:00:00', '2026-01-01 10:00:00'),
(29, 'P029', 'SKF直线导轨', 'HGR15/400mm/滑块x2', '根', '机械配件', '6901234560039', 280.00, 520.00, 50.00, 300.00, 10, '直线运动导轨', 'active', '2025-01-01 10:00:00', '2026-01-01 10:00:00'),
(30, 'P030', '欧姆龙光电开关', 'E3Z-61/NPN/2m检测距离', '个', '机械配件', '6901234560040', 85.00, 168.00, 50.00, 300.00, 5, '接近开关', 'active', '2025-01-01 10:00:00', '2026-01-01 10:00:00'),
(31, 'P031', '西门子接触器', '3TB43/线圈220V/三极/32A', '个', '机械配件', '6901234560041', 180.00, 380.00, 30.00, 200.00, 7, '交流接触器', 'active', '2025-01-01 10:00:00', '2026-01-01 10:00:00'),
(32, 'P032', '施耐德断路器', 'C65N/3P/C型/63A/塑壳', '个', '机械配件', '6901234560042', 120.00, 268.00, 40.00, 250.00, 5, '空气断路器', 'active', '2025-01-01 10:00:00', '2026-01-01 10:00:00'),

-- 日用品类
(33, 'P033', '维达抽纸3层', '120抽x6包/提拉式', '提', '日用品', '6901234560043', 18.00, 35.00, 100.00, 800.00, 3, '面巾纸', 'active', '2025-01-01 10:00:00', '2026-01-01 10:00:00'),
(34, 'P034', '蓝月亮洗衣液', '3kg/深层洁净/瓶装', '瓶', '日用品', '6901234560044', 38.00, 59.00, 80.00, 500.00, 5, '洗衣液', 'active', '2025-01-01 10:00:00', '2026-01-01 10:00:00'),
(35, 'P035', '威露士洗手液', '500ml/免洗/杀菌', '瓶', '日用品', '6901234560045', 12.00, 25.00, 150.00, 800.00, 3, '洗手液', 'active', '2025-01-01 10:00:00', '2026-01-01 10:00:00'),
(36, 'P036', '清风卷纸', '4层x140mmx10卷/提装', '提', '日用品', '6901234560046', 32.00, 58.00, 80.00, 500.00, 3, '卫生卷纸', 'active', '2025-01-01 10:00:00', '2026-01-01 10:00:00'),

-- 食品类
(37, 'P037', '农夫山泉水', '550ml x24瓶/箱', '箱', '饮料食品', '6901234560047', 18.00, 32.00, 100.00, 1000.00, 3, '矿泉水', 'active', '2025-01-01 10:00:00', '2026-01-01 10:00:00'),
(38, 'P038', '可口可乐', '330ml x24罐/箱', '箱', '饮料食品', '6901234560048', 45.00, 72.00, 60.00, 400.00, 5, '碳酸饮料', 'active', '2025-01-01 10:00:00', '2026-01-01 10:00:00'),
(39, 'P039', '奥利奥饼干', '116g x10包/箱', '箱', '饮料食品', '6901234560049', 68.00, 108.00, 40.00, 300.00, 7, '饼干零食', 'active', '2025-01-01 10:00:00', '2026-01-01 10:00:00'),
(40, 'P040', '雀巢咖啡', '100条/1.8g/速溶原味', '条', '饮料食品', '6901234560050', 85.00, 158.00, 50.00, 300.00, 7, '速溶咖啡', 'active', '2025-01-01 10:00:00', '2026-01-01 10:00:00'),
(41, 'P041', '乐事薯片', '70g x12袋/组合装', '箱', '饮料食品', '6901234560051', 58.00, 98.00, 40.00, 300.00, 5, '膨化食品', 'active', '2025-01-01 10:00:00', '2026-01-01 10:00:00'),

-- 停产/淘汰产品
(42, 'P042', 'iPhone 12', '64G/黑色/全网通', '台', '手机', '6901234560052', 3200.00, 4299.00, 0.00, 0.00, 0, '已停产', 'discontinued', '2025-01-01 10:00:00', '2026-01-01 10:00:00'),
(43, 'P043', '旧款办公椅', '海绵/普通脚轮', '把', '办公家具', '6901234560053', 280.00, 450.00, 0.00, 0.00, 0, '已淘汰', 'obsolete', '2025-01-01 10:00:00', '2026-01-01 10:00:00'),
(44, 'P044', 'iPad Air 3', '64G/WiFi/10.5寸', '台', '平板电脑', '6901234560054', 2200.00, 3299.00, 0.00, 0.00, 0, '已停产', 'discontinued', '2025-01-01 10:00:00', '2026-01-01 10:00:00'),
(45, 'P045', '联想启天M425台式机', 'i3-9100/8G/1T/集显', '台', '台式机', '6901234560055', 2600.00, 3800.00, 0.00, 0.00, 0, '已淘汰', 'obsolete', '2025-01-01 10:00:00', '2026-01-01 10:00:00'),

-- 软件服务类
(46, 'P046', 'Windows 11专业版', 'FPP/数字授权/OEM包', '套', '软件服务', '6901234560056', 800.00, 1688.00, 20.00, 100.00, 1, '操作系统授权', 'active', '2025-01-01 10:00:00', '2026-01-01 10:00:00'),
(47, 'P047', 'Office 2021专业版', '数字授权/永久激活/中英文', '套', '软件服务', '6901234560057', 2200.00, 3888.00, 10.00, 50.00, 1, '办公软件', 'active', '2025-01-01 10:00:00', '2026-01-01 10:00:00'),
(48, 'P048', 'Adobe Photoshop 2024', '订阅版/一年授权', '套', '软件服务', '6901234560058', 1800.00, 3488.00, 5.00, 30.00, 1, '图像处理软件', 'active', '2025-01-01 10:00:00', '2026-01-01 10:00:00'),
(49, 'P049', '企业级杀毒软件', ' McAfee/50用户/一年', '套', '软件服务', '6901234560059', 2500.00, 4888.00, 2.00, 10.00, 1, '企业安全软件', 'active', '2025-01-01 10:00:00', '2026-01-01 10:00:00'),
(50, 'P050', '阿里云ECS服务器', '2核4G/40G SSD/华东1/一年', '台', '软件服务', '6901234560060', 2500.00, 4500.00, 1.00, 10.00, 1, '云服务器实例', 'active', '2025-01-01 10:00:00', '2026-01-01 10:00:00');

-- 库存数据
INSERT INTO inventories (id, warehouse_id, product_id, quantity, allocated_quantity, available_quantity, last_updated, created_at, updated_at) VALUES
-- 北京总仓库存
(1, 1, 1, 150.00, 20.00, 130.00, '2026-01-15 09:00:00', '2025-01-01 10:00:00', '2026-01-15 09:00:00'),
(2, 1, 2, 80.00, 10.00, 70.00, '2026-01-15 09:00:00', '2025-01-01 10:00:00', '2026-01-15 09:00:00'),
(3, 1, 3, 45.00, 5.00, 40.00, '2026-01-15 09:00:00', '2025-01-01 10:00:00', '2026-01-15 09:00:00'),
(4, 1, 7, 200.00, 30.00, 170.00, '2026-01-15 09:00:00', '2025-01-01 10:00:00', '2026-01-15 09:00:00'),
(5, 1, 11, 1500.00, 200.00, 1300.00, '2026-01-15 09:00:00', '2025-01-01 10:00:00', '2026-01-15 09:00:00'),
(6, 1, 12, 800.00, 100.00, 700.00, '2026-01-15 09:00:00', '2025-01-01 10:00:00', '2026-01-15 09:00:00'),
(7, 1, 16, 80.00, 15.00, 65.00, '2026-01-15 09:00:00', '2025-01-01 10:00:00', '2026-01-15 09:00:00'),
(8, 1, 25, 250.00, 40.00, 210.00, '2026-01-15 09:00:00', '2025-01-01 10:00:00', '2026-01-15 09:00:00'),
(9, 1, 37, 2000.00, 300.00, 1700.00, '2026-01-15 09:00:00', '2025-01-01 10:00:00', '2026-01-15 09:00:00'),
(10, 1, 46, 100.00, 20.00, 80.00, '2026-01-15 09:00:00', '2025-01-01 10:00:00', '2026-01-15 09:00:00'),

-- 上海仓库库存
(11, 2, 1, 100.00, 15.00, 85.00, '2026-01-15 09:00:00', '2025-01-01 10:00:00', '2026-01-15 09:00:00'),
(12, 2, 4, 120.00, 18.00, 102.00, '2026-01-15 09:00:00', '2025-01-01 10:00:00', '2026-01-15 09:00:00'),
(13, 2, 8, 300.00, 50.00, 250.00, '2026-01-15 09:00:00', '2025-01-01 10:00:00', '2026-01-15 09:00:00'),
(14, 2, 11, 1000.00, 150.00, 850.00, '2026-01-15 09:00:00', '2025-01-01 10:00:00', '2026-01-15 09:00:00'),
(15, 2, 17, 35.00, 8.00, 27.00, '2026-01-15 09:00:00', '2025-01-01 10:00:00', '2026-01-15 09:00:00'),
(16, 2, 21, 60.00, 10.00, 50.00, '2026-01-15 09:00:00', '2025-01-01 10:00:00', '2026-01-15 09:00:00'),
(17, 2, 25, 180.00, 25.00, 155.00, '2026-01-15 09:00:00', '2025-01-01 10:00:00', '2026-01-15 09:00:00'),
(18, 2, 33, 1200.00, 180.00, 1020.00, '2026-01-15 09:00:00', '2025-01-01 10:00:00', '2026-01-15 09:00:00'),
(19, 2, 47, 60.00, 12.00, 48.00, '2026-01-15 09:00:00', '2025-01-01 10:00:00', '2026-01-15 09:00:00'),
(20, 2, 50, 10.00, 2.00, 8.00, '2026-01-15 09:00:00', '2025-01-01 10:00:00', '2026-01-15 09:00:00'),

-- 广州仓库库存
(21, 3, 1, 80.00, 12.00, 68.00, '2026-01-15 09:00:00', '2025-01-01 10:00:00', '2026-01-15 09:00:00'),
(22, 3, 5, 50.00, 8.00, 42.00, '2026-01-15 09:00:00', '2025-01-01 10:00:00', '2026-01-15 09:00:00'),
(23, 3, 11, 800.00, 100.00, 700.00, '2026-01-15 09:00:00', '2025-01-01 10:00:00', '2026-01-15 09:00:00'),
(24, 3, 22, 100.00, 15.00, 85.00, '2026-01-15 09:00:00', '2025-01-01 10:00:00', '2026-01-15 09:00:00'),
(25, 3, 26, 200.00, 30.00, 170.00, '2026-01-15 09:00:00', '2025-01-01 10:00:00', '2026-01-15 09:00:00'),
(26, 3, 33, 900.00, 120.00, 780.00, '2026-01-15 09:00:00', '2025-01-01 10:00:00', '2026-01-15 09:00:00'),
(27, 3, 37, 1500.00, 200.00, 1300.00, '2026-01-15 09:00:00', '2025-01-01 10:00:00', '2026-01-15 09:00:00'),
(28, 3, 38, 300.00, 50.00, 250.00, '2026-01-15 09:00:00', '2025-01-01 10:00:00', '2026-01-15 09:00:00'),
(29, 3, 46, 80.00, 15.00, 65.00, '2026-01-15 09:00:00', '2025-01-01 10:00:00', '2026-01-15 09:00:00'),
(30, 3, 48, 30.00, 5.00, 25.00, '2026-01-15 09:00:00', '2025-01-01 10:00:00', '2026-01-15 09:00:00');

-- =====================================================
-- 5. 供应商模块
-- =====================================================

INSERT INTO suppliers (id, code, name, contact, phone, email, address, tax_number, bank_name, bank_account, credit_limit, payment_terms, notes, status, created_at, updated_at) VALUES
(1, 'S001', '联想(北京)有限公司', '张经理', '010-58888888', 'zhang@lenovo.com', '北京市海淀区上地信息路2号', '91110000100000001X', '中国工商银行北京分行', '1234567890123456789', 500000.00, 30, '联想集团北京分公司，主营ThinkPad系列产品', 'active', '2025-01-01 10:00:00', '2026-01-01 10:00:00'),
(2, 'S002', '戴尔(中国)有限公司', '李经理', '021-38666666', 'li@dell.com', '上海市浦东新区科苑路88号', '91310000500000002X', '中国建设银行上海分行', '2345678901234567890', 800000.00, 45, '戴尔中国区总代理', 'active', '2025-01-01 10:00:00', '2026-01-01 10:00:00'),
(3, 'S003', '华为终端有限公司', '王经理', '0755-28966666', 'wang@huawei.com', '深圳市龙岗区坂田华为基地', '91440300600000003X', '招商银行深圳分行', '3456789012345678901', 1000000.00, 30, '华为终端产品供应商', 'active', '2025-01-01 10:00:00', '2026-01-01 10:00:00'),
(4, 'S004', '小米科技有限责任公司', '赵经理', '010-57266666', 'zhao@mi.com', '北京市海淀区清河中街68号', '91110000800000004X', '中国银行北京分行', '4567890123456789012', 600000.00, 30, '小米生态产品供应商', 'active', '2025-01-01 10:00:00', '2026-01-01 10:00:00'),
(5, 'S005', '得力集团有限公司', '刘经理', '0574-87566666', 'liu@deli.com', '浙江省宁波市宁海县得力工业园', '91330200604000005X', '宁波银行宁海支行', '5678901234567890123', 200000.00, 15, '办公用品专业供应商', 'active', '2025-01-01 10:00:00', '2026-01-01 10:00:00'),
(6, 'S006', '晨光文具股份有限公司', '陈经理', '021-67796666', 'chen@mg.com', '上海市奉贤区奉城镇', '91310000570700006X', '中国农业银行上海分行', '6789012345678901234', 300000.00, 30, '文具用品供应商', 'active', '2025-01-01 10:00:00', '2026-01-01 10:00:00'),
(7, 'S007', '震旦办公家具有限公司', '杨经理', '021-58466666', 'yang@aurora.com', '上海市嘉定区马陆镇', '91310000600900007X', '中国工商银行上海分行', '7890123456789012345', 400000.00, 60, '办公家具供应商', 'active', '2025-01-01 10:00:00', '2026-01-01 10:00:00'),
(8, 'S008', 'Steelcase中国', '周经理', '021-62866666', 'zhou@steelcase.com', '上海市静安区南京西路1688号', '91310000598000008X', '汇丰银行上海分行', '8901234567890123456', 500000.00, 45, '高端办公家具供应商', 'active', '2025-01-01 10:00:00', '2026-01-01 10:00:00'),
(9, 'S009', '圣奥家具有限公司', '吴经理', '0571-82846666', 'wu@sunon.com', '浙江省杭州市萧山经济技术开发区', '91330000120000009X', '中国银行杭州分行', '9012345678901234567', 350000.00, 30, '办公家具供应商', 'active', '2025-01-01 10:00:00', '2026-01-01 10:00:00'),
(10, 'S010', '罗技(中国)有限公司', '郑经理', '0755-86166666', 'zheng@logitech.com', '深圳市南山区科技园', '91440300620000010X', '招商银行深圳分行', '0123456789012345678', 150000.00, 30, '电脑外设供应商', 'active', '2025-01-01 10:00:00', '2026-01-01 10:00:00'),
(11, 'S011', '西部数据(中国)有限公司', '马经理', '010-59266666', 'ma@wd.com', '北京市朝阳区建国门外大街', '91110000590000011X', '中国工商银行北京分行', '1234509876543210987', 200000.00, 30, '存储设备供应商', 'active', '2025-01-01 10:00:00', '2026-01-01 10:00:00'),
(12, 'S012', 'Cherry中国', '徐经理', '021-68896666', 'xu@cherry.com', '上海市长宁区遵义路', '91310000603000012X', '中国建设银行上海分行', '2345609876543210987', 100000.00, 30, '机械键盘供应商', 'active', '2025-01-01 10:00:00', '2026-01-01 10:00:00'),
(13, 'S013', '苹果公司大中华区', '林经理', '400-666-8800', 'lin@apple.com', '北京市朝阳区建国门外大街1号', '91110000400000013X', '中国银行北京分行', '3456709876543210987', 2000000.00, 30, '苹果产品供应商', 'active', '2025-01-01 10:00:00', '2026-01-01 10:00:00'),
(14, 'S014', '3M中国有限公司', '韩经理', '021-58666666', 'han@3m.com', '上海市闵行区申富路', '91310000600600014X', '花旗银行上海分行', '4567809876543210987', 250000.00, 45, '办公用品供应商', 'active', '2025-01-01 10:00:00', '2026-01-01 10:00:00'),
(15, 'S015', '维达纸业(中国)有限公司', '冯经理', '0760-22236666', 'feng@vinda.com', '广东省中山市西区沙朗', '91442000620000015X', '中国银行中山分行', '5678909876543210987', 180000.00, 30, '纸制品供应商', 'active', '2025-01-01 10:00:00', '2026-01-01 10:00:00'),
(16, 'S016', '蓝月亮集团有限公司', '朱经理', '020-36296666', 'zhu@bluemoon.com', '广州市黄埔区知识城', '91440101610000016X', '中国工商银行广州分行', '6789019876543210987', 150000.00, 30, '日化用品供应商', 'active', '2025-01-01 10:00:00', '2026-01-01 10:00:00'),
(17, 'S017', '威露士(中国)有限公司', '高经理', '020-84726666', 'gao@walch.com', '广州市天河区珠江新城', '91440101580000017X', '中国建设银行广州分行', '7890129876543210987', 120000.00, 15, '家居清洁用品', 'active', '2025-01-01 10:00:00', '2026-01-01 10:00:00'),
(18, 'S018', '金红叶纸业集团有限公司', '袁经理', '0512-57966666', 'yuan@hongyun.com', '江苏省苏州市工业园区', '91320000600800018X', '中国工商银行苏州分行', '8901239876543210987', 200000.00, 30, '清风品牌纸制品', 'active', '2025-01-01 10:00:00', '2026-01-01 10:00:00'),
(19, 'S019', '农夫山泉股份有限公司', '许经理', '0571-85866666', 'xu@nongfu.com', '浙江省杭州市西湖区葛衙庄', '91330000720000019X', '中国银行杭州分行', '9012349876543210987', 300000.00, 15, '饮料供应商', 'active', '2025-01-01 10:00:00', '2026-01-01 10:00:00'),
(20, 'S020', '中粮可口可乐饮料有限公司', '蔡经理', '010-65266666', 'cai@coca-cola.com', '北京市东城区建国门内大街', '91110000430000020X', '中国工商银行北京分行', '0123459876543210987', 400000.00, 30, '可口可乐系列产品', 'active', '2025-01-01 10:00:00', '2026-01-01 10:00:00'),
(21, 'S021', '奥利奥饼干经销商', '麦经理', '021-67556666', 'mai@oreo.com', '上海市徐汇区虹桥路', '91310000650000021X', '中国农业银行上海分行', '1234560987654321098', 100000.00, 30, '饼干零食供应商', 'active', '2025-01-01 10:00:00', '2026-01-01 10:00:00'),
(22, 'S022', '雀巢(中国)有限公司', '肖经理', '010-66336666', 'xiao@nestle.com', '北京市朝阳区望京街道', '91110000660000022X', '中国银行北京分行', '2345670987654321098', 250000.00, 45, '咖啡及食品供应商', 'active', '2025-01-01 10:00:00', '2026-01-01 10:00:00'),
(23, 'S023', '百事食品(中国)有限公司', '潘经理', '021-61466666', 'pan@pepsico.com', '上海市闵行区虹桥机场', '91310000670000023X', '汇丰银行上海分行', '3456780987654321098', 150000.00, 30, '乐事薯片等零食', 'active', '2025-01-01 10:00:00', '2026-01-01 10:00:00'),
(24, 'S024', '微软(中国)有限公司', '汤经理', '010-59276666', 'tang@microsoft.com', '北京市朝阳区望京街', '91110000401800024X', '花旗银行北京分行', '4567890987654321098', 500000.00, 30, '微软软件产品', 'active', '2025-01-01 10:00:00', '2026-01-01 10:00:00'),
(25, 'S025', 'Adobe Systems 中国', '康经理', '010-65866666', 'kang@adobe.com', '北京市朝阳区东三环中路', '91110000402000025X', '中国工商银行北京分行', '5678900987654321098', 300000.00, 30, 'Adobe软件产品', 'active', '2025-01-01 10:00:00', '2026-01-01 10:00:00'),
(26, 'S026', '阿里云计算有限公司', '彭经理', '0571-85026666', 'peng@aliyun.com', '浙江省杭州市文一西路969号', '91330000680000026X', '中国银行杭州分行', '6789010987654321098', 1000000.00, 30, '云计算服务', 'active', '2025-01-01 10:00:00', '2026-01-01 10:00:00'),
(27, 'S027', '华为技术有限公司', '何经理', '0755-28786666', 'he@huawei.com', '深圳市龙岗区坂田华为总部', '91440300103000027X', '招商银行深圳分行', '7890120987654321098', 2000000.00, 45, '华为网络设备', 'active', '2025-01-01 10:00:00', '2026-01-01 10:00:00'),
(28, 'S028', 'TP-Link科技股份有限公司', '罗经理', '0755-26716666', 'luo@tp-link.com', '深圳市南山区高新科技园', '91440300280000028X', '中国建设银行深圳分行', '8901230987654321098', 350000.00, 30, '网络设备供应商', 'active', '2025-01-01 10:00:00', '2026-01-01 10:00:00'),
(29, 'S029', 'NSK中国有限公司', '吕经理', '021-54626666', 'lu@nsk.com', '上海市闵行区申富路', '91310000690000029X', '中国工商银行上海分行', '9012340987654321098', 300000.00, 30, '轴承供应商', 'active', '2025-01-01 10:00:00', '2026-01-01 10:00:00'),
(30, 'S030', '欧姆龙(中国)有限公司', '丁经理', '021-54496666', 'ding@omron.com', '上海市浦东新区世纪大道', '91310000601000030X', '中国银行上海分行', '0123450987654321098', 250000.00, 30, '自动化设备供应商', 'active', '2025-01-01 10:00:00', '2026-01-01 10:00:00'),
(31, 'S031', '西门子(中国)有限公司', '魏经理', '010-64766666', 'wei@siemens.com', '北京市朝阳区望京中街', '91110000403200031X', '德意志银行北京分行', '2345670987654321098', 500000.00, 45, '西门子工业产品', 'active', '2025-01-01 10:00:00', '2026-01-01 10:00:00'),
(32, 'S032', '施耐德电气(中国)有限公司', '陶经理', '010-84366666', 'tao@schneider.com', '北京市朝阳区望京街道', '91110000403300032X', '法国兴业银行北京分行', '3456780987654321098', 400000.00, 45, '低压电器产品', 'active', '2025-01-01 10:00:00', '2026-01-01 10:00:00'),
(33, 'S033', '问题供应商有限公司', '姜经理', '010-12345678', 'jiang@problem.com', '北京市朝阳区', '91110000123456789X', '中国工商银行', '1111111111111111111', 50000.00, 15, '经常延期交货', 'blacklist', '2025-01-01 10:00:00', '2026-01-01 10:00:00'),
(34, 'S034', '暂停合作供应商', '谢经理', '021-87654321', 'xie@suspended.com', '上海市浦东新区', '91310000987654321X', '中国建设银行', '2222222222222222222', 100000.00, 30, '暂时暂停合作', 'inactive', '2025-01-01 10:00:00', '2026-01-01 10:00:00'),
(35, 'S035', 'SKF中国', '邹经理', '021-68886666', 'zou@skf.com', '上海市嘉定区安亭镇', '91310000650000035X', '中国工商银行上海分行', '3456780000000000001', 350000.00, 30, '轴承及导轨产品', 'active', '2025-01-01 10:00:00', '2026-01-01 10:00:00');

-- =====================================================
-- 6. 客户模块
-- =====================================================

INSERT INTO customers (id, code, name, contact, phone, email, address, tax_number, bank_name, bank_account, credit_limit, credit_used, payment_terms, notes, status, created_at, updated_at) VALUES
(1, 'C001', '北京科技创新有限公司', '张总', '13901000001', 'zhang@bjtech.com', '北京市海淀区中关村软件园', '91110000MA00123456', '中国工商银行北京分行', '6222020200001234567', 200000.00, 50000.00, 30, '科技公司，长期合作客户', 'active', '2025-01-01 10:00:00', '2026-01-01 10:00:00'),
(2, 'C002', '上海华东集团有限公司', '李总', '13902000002', 'li@huadong.com', '上海市浦东新区陆家嘴金融中心', '91310000MA00234567', '中国建设银行上海分行', '6227007300002345678', 500000.00, 120000.00, 45, '大型集团企业', 'active', '2025-01-01 10:00:00', '2026-01-01 10:00:00'),
(3, 'C003', '深圳创新科技股份公司', '王总', '13903000003', 'wang@szinnov.com', '深圳市南山区科技园南区', '91440300MA00345678', '招商银行深圳分行', '6225807900003456789', 300000.00, 80000.00, 30, '高新技术企业', 'active', '2025-01-01 10:00:00', '2026-01-01 10:00:00'),
(4, 'C004', '广州南方实业公司', '刘总', '13904000004', 'liu@southern.com', '广州市天河区珠江新城', '91440100MA00456789', '中国工商银行广州分行', '6222020200004567890', 250000.00, 60000.00, 30, '制造业企业', 'active', '2025-01-01 10:00:00', '2026-01-01 10:00:00'),
(5, 'C005', '成都西部开发集团', '陈总', '13905000005', 'chen@western.com', '成都市高新区天府大道', '91510000MA00567890', '中国银行成都分行', '6217000010005678901', 150000.00, 35000.00, 30, '西部重要客户', 'active', '2025-01-01 10:00:00', '2026-01-01 10:00:00'),
(6, 'C006', '杭州电商科技有限公司', '杨总', '13906000006', 'yang@hzec.com', '杭州市余杭区阿里巴巴园区', '91330000MA00678901', '中国农业银行杭州分行', '62284800200006789012', 180000.00, 45000.00, 15, '电商公司', 'active', '2025-01-01 10:00:00', '2026-01-01 10:00:00'),
(7, 'C007', '南京软件园发展有限公司', '周总', '13907000007', 'zhou@njsoft.com', '南京市江宁区开发区', '91320000MA00789012', '中国工商银行南京分行', '6222020200007890123', 200000.00, 50000.00, 30, '软件园区企业', 'active', '2025-01-01 10:00:00', '2026-01-01 10:00:00'),
(8, 'C008', '武汉光谷电子科技有限公司', '吴总', '13908000008', 'wu@wuhane.com', '武汉市东湖高新区光谷大道', '91420000MA00890123', '中国银行武汉分行', '6217000010008901234', 160000.00, 40000.00, 30, '光谷企业', 'active', '2025-01-01 10:00:00', '2026-01-01 10:00:00'),
(9, 'C009', '西安航天基地科技股份', '郑总', '13909000009', 'zheng@xaerospace.com', '西安市航天基地神舟七路', '91610000MA00901234', '中国建设银行西安分行', '6227007300009012345', 120000.00, 30000.00, 30, '航天基地企业', 'active', '2025-01-01 10:00:00', '2026-01-01 10:00:00'),
(10, 'C010', '天津滨海新区发展集团', '马总', '13910000010', 'ma@tjbinhai.com', '天津市滨海新区开发区', '91120000MA01012345', '中国工商银行天津分行', '6222020200000123456', 220000.00, 55000.00, 30, '滨海新区企业', 'active', '2025-01-01 10:00:00', '2026-01-01 10:00:00'),
(11, 'C011', '苏州工业园区科技公司', '徐总', '13911000011', 'xu@szip.com', '苏州市工业园区星湖街', '91320000MA01123456', '中国农业银行苏州分行', '6228480020001234567', 190000.00, 47000.00, 30, '苏州工业园企业', 'active', '2025-01-01 10:00:00', '2026-01-01 10:00:00'),
(12, 'C012', '重庆两江新区实业', '赵总', '13912000012', 'zhao@cqljxq.com', '重庆市渝北区两江新区', '91500000MA01234567', '招商银行重庆分行', '6225807900002345678', 140000.00, 35000.00, 30, '两江新区企业', 'active', '2025-01-01 10:00:00', '2026-01-01 10:00:00'),
(13, 'C013', '长沙麓谷高新区股份', '孙总', '13913000013', 'sun@csugu.com', '长沙市高新区麓谷大道', '91430000MA01345678', '中国工商银行长沙分行', '6222020200003456789', 130000.00, 32000.00, 30, '麓谷企业', 'active', '2025-01-01 10:00:00', '2026-01-01 10:00:00'),
(14, 'C014', '青岛海尔工业园科技', '朱总', '13914000014', 'zhu@qdhaier.com', '青岛市崂山区海尔路', '91370000MA01456789', '中国银行青岛分行', '6217000010004567890', 280000.00, 70000.00, 30, '海尔园区企业', 'active', '2025-01-01 10:00:00', '2026-01-01 10:00:00'),
(15, 'C015', '大连软件园股份有限公司', '高总', '13915000015', 'gao@dlsp.com', '大连市沙河口区数码路', '91360000MA01567890', '中国建设银行大连分行', '6227007300005678901', 170000.00, 42000.00, 30, '软件园企业', 'active', '2025-01-01 10:00:00', '2026-01-01 10:00:00'),
(16, 'C016', '厦门火炬高新区企业', '林总', '13916000016', 'lin@xmht.com', '厦门市火炬高新区创新路', '91350000MA01678901', '中国工商银行厦门分行', '6222020200006789012', 150000.00, 37000.00, 30, '火炬高新区企业', 'active', '2025-01-01 10:00:00', '2026-01-01 10:00:00'),
(17, 'C017', '济南高新区科技公司', '韩总', '13917000017', 'han@jnht.com', '济南市高新区舜华路', '91370000MA01789012', '中国农业银行济南分行', '6228480030007890123', 160000.00, 40000.00, 30, '济南高新区企业', 'active', '2025-01-01 10:00:00', '2026-01-01 10:00:00'),
(18, 'C018', '沈阳浑南新区科技', '冯总', '13918000018', 'feng@syhn.com', '沈阳市浑南新区新运河路', '91360000MA01890123', '中国银行沈阳分行', '6217000010008901234', 140000.00, 35000.00, 30, '浑南新区企业', 'active', '2025-01-01 10:00:00', '2026-01-01 10:00:00'),
(19, 'C019', '合肥高新区发展集团', '袁总', '13919000019', 'yuan@hfht.com', '合肥市高新区创新大道', '91340000MA01901234', '中国工商银行合肥分行', '6222020200009012345', 155000.00, 38000.00, 30, '合肥高新区企业', 'active', '2025-01-01 10:00:00', '2026-01-01 10:00:00'),
(20, 'C020', '郑州航空港区科技', '许总', '13920000020', 'xu@zzhbq.com', '郑州市航空港区迎宾大道', '91370000MA02012345', '中国建设银行郑州分行', '6227007300000123456', 145000.00, 36000.00, 30, '航空港区企业', 'active', '2025-01-01 10:00:00', '2026-01-01 10:00:00'),
(21, 'C021', '石家庄开发区企业', '蔡总', '13921000021', 'cai@sjzkfq.com', '石家庄市开发区黄河大道', '91350000MA02123456', '中国工商银行石家庄分行', '6222020200001234567', 120000.00, 30000.00, 30, '石家庄开发区企业', 'active', '2025-01-01 10:00:00', '2026-01-01 10:00:00'),
(22, 'C022', '太原高新区科技股份', '麦总', '13922000022', 'mai@tygxq.com', '太原市高新区长治路', '91370000MA02234567', '中国银行太原分行', '6217000010002345678', 110000.00, 27000.00, 30, '太原高新区企业', 'active', '2025-01-01 10:00:00', '2026-01-01 10:00:00'),
(23, 'C023', '南昌高新区科技公司', '潘总', '13923000023', 'pan@nchkfq.com', '南昌市高新区火炬大道', '91360000MA02345678', '中国建设银行南昌分行', '6227007300003456789', 125000.00, 31000.00, 30, '南昌高新区企业', 'active', '2025-01-01 10:00:00', '2026-01-01 10:00:00'),
(24, 'C024', '逾期客户A有限公司', '汤总', '13924000024', 'tang@overduea.com', '北京市朝阳区', '91110000MA99999999', '中国工商银行', '6222020200000000001', 50000.00, 60000.00, 30, '存在逾期账款', 'overdue', '2025-01-01 10:00:00', '2026-01-01 10:00:00'),
(25, 'C025', '暂停合作客户', '康总', '13925000025', 'kang@suspended.com', '上海市浦东', '91310000MA88888888', '中国建设银行', '6227007300000000002', 80000.00, 20000.00, 30, '暂停合作', 'inactive', '2025-01-01 10:00:00', '2026-01-01 10:00:00'),
(26, 'C026', '宁波杭州湾新区科技', '彭总', '13926000026', 'peng@nbhzw.com', '宁波市杭州湾新区', '91330000MA02456789', '中国工商银行宁波分行', '6222020200004567890', 175000.00, 43000.00, 30, '杭州湾新区企业', 'active', '2025-01-01 10:00:00', '2026-01-01 10:00:00'),
(27, 'C027', '无锡新区科技公司', '范总', '13927000027', 'fan@wxxq.com', '无锡市新区长江路', '91350000MA02567890', '中国银行无锡分行', '6217000010005678901', 165000.00, 41000.00, 30, '无锡新区企业', 'active', '2025-01-01 10:00:00', '2026-01-01 10:00:00'),
(28, 'C028', '东莞松山湖科技股份', '方总', '13928000028', 'fang@dgssh.com', '东莞市松山湖园区', '91441900MA02678901', '招商银行东莞分行', '6225807900006789012', 135000.00, 33000.00, 30, '松山湖企业', 'active', '2025-01-01 10:00:00', '2026-01-01 10:00:00'),
(29, 'C029', '佛山高新区发展集团', '石总', '13929000029', 'shi@fsgxq.com', '佛山市高新区火炬路', '91440600MA02789012', '中国工商银行佛山分行', '6222020200007890123', 145000.00, 36000.00, 30, '佛山高新区企业', 'active', '2025-01-01 10:00:00', '2026-01-01 10:00:00'),
(30, 'C030', '昆山开发区科技公司', '邓总', '13930000030', 'deng@kskf.com', '昆山市开发区前进路', '91350000MA02890123', '中国建设银行昆山分行', '6227007300008901234', 155000.00, 38000.00, 30, '昆山开发区企业', 'active', '2025-01-01 10:00:00', '2026-01-01 10:00:00');

-- =====================================================
-- 7. 采购订单模块
-- =====================================================

INSERT INTO purchase_orders (id, order_no, supplier_id, order_date, expected_date, total_amount, tax_amount, tax_inclusive, payment_terms, delivery_address, contact, contact_phone, notes, status, is_deleted, created_at, updated_at) VALUES
(1, 'PO202501001', 1, '2025-09-15', '2025-09-25', 630000.00, 81900.00, false, 30, '北京市大兴区亦庄经济技术开发区科创五街38号', '张经理', '010-58888888', 'ThinkPad批量采购', 'confirmed', false, '2025-09-15 10:00:00', '2026-01-01 10:00:00'),
(2, 'PO202501002', 2, '2025-09-18', '2025-09-28', 272000.00, 35360.00, false, 45, '上海市松江区洞泾镇洞薛路168号', '李经理', '021-38666666', 'Dell显示器采购', 'confirmed', false, '2025-09-18 10:00:00', '2026-01-01 10:00:00'),
(3, 'PO202502003', 3, '2025-10-08', '2025-10-15', 385000.00, 50050.00, false, 30, '广州市黄埔区开发区东鹏大道72号', '王经理', '0755-28966666', '华为手机批量订单', 'partial_received', false, '2025-10-08 10:00:00', '2026-01-01 10:00:00'),
(4, 'PO202502004', 5, '2025-10-12', '2025-10-20', 45000.00, 5850.00, false, 15, '北京市大兴区亦庄经济技术开发区科创五街38号', '刘经理', '0574-87566666', '办公文具采购', 'received', false, '2025-10-12 10:00:00', '2026-01-01 10:00:00'),
(5, 'PO202503005', 7, '2025-11-05', '2025-11-15', 256000.00, 33280.00, false, 60, '上海市松江区洞泾镇洞薛路168号', '杨经理', '021-58466666', '办公椅采购', 'confirmed', false, '2025-11-05 10:00:00', '2026-01-01 10:00:00'),
(6, 'PO202503006', 13, '2025-11-10', '2025-11-20', 699300.00, 90909.00, false, 30, '深圳市宝安区福永街道凤凰山大道288号', '林经理', '400-666-8800', 'iPhone采购订单', 'partial_received', false, '2025-11-10 10:00:00', '2026-01-01 10:00:00'),
(7, 'PO202503007', 24, '2025-11-15', '2025-11-25', 135200.00, 17576.00, false, 30, '北京市大兴区亦庄经济技术开发区科创五街38号', '汤经理', '010-59276666', 'Windows软件授权', 'received', false, '2025-11-15 10:00:00', '2026-01-01 10:00:00'),
(8, 'PO202504008', 27, '2025-12-01', '2025-12-10', 204000.00, 26520.00, false, 45, '武汉市东西湖区柏泉农场走马岭街16号', '何经理', '0755-28786666', '网络设备采购', 'confirmed', false, '2025-12-01 10:00:00', '2026-01-01 10:00:00'),
(9, 'PO202504009', 10, '2025-12-08', '2025-12-18', 59900.00, 7787.00, false, 30, '成都市龙泉驿区车城东五路188号', '郑经理', '0755-86166666', '罗技鼠标采购', 'received', false, '2025-12-08 10:00:00', '2026-01-01 10:00:00'),
(10, 'PO202505010', 19, '2025-12-15', '2025-12-25', 36000.00, 4680.00, false, 15, '北京市大兴区亦庄经济技术开发区科创五街38号', '许经理', '0571-85866666', '农夫山泉采购', 'received', false, '2025-12-15 10:00:00', '2026-01-01 10:00:00'),
(11, 'PO202506011', 6, '2026-01-05', '2026-01-12', 27000.00, 3510.00, false, 30, '北京市大兴区亦庄经济技术开发区科创五街38号', '陈经理', '021-67796666', '晨光文具补货', 'pending', false, '2026-01-05 10:00:00', '2026-01-05 10:00:00'),
(12, 'PO202506012', 4, '2026-01-08', '2026-01-18', 558000.00, 72540.00, false, 30, '上海市松江区洞泾镇洞薛路168号', '赵经理', '010-57266666', '小米手机批量采购', 'pending', false, '2026-01-08 10:00:00', '2026-01-08 10:00:00'),
(13, 'PO202506013', 9, '2026-01-10', '2026-01-20', 98000.00, 12740.00, false, 30, '北京市大兴区亦庄经济技术开发区科创五街38号', '吴经理', '0571-82846666', '圣奥办公桌采购', 'pending', false, '2026-01-10 10:00:00', '2026-01-10 10:00:00'),
(14, 'PO202507014', 22, '2026-01-12', '2026-01-22', 15800.00, 2054.00, false, 45, '杭州市萧山区经济技术开发区红垦路88号', '肖经理', '010-66336666', '雀巢咖啡采购', 'draft', false, '2026-01-12 10:00:00', '2026-01-12 10:00:00'),
(15, 'PO202507015', 8, '2026-01-13', '2026-01-23', 225000.00, 29250.00, false, 45, '北京市大兴区亦庄经济技术开发区科创五街38号', '周经理', '021-62866666', 'Steelcase升降桌采购', 'draft', false, '2026-01-13 10:00:00', '2026-01-13 10:00:00'),
(16, 'PO202507016', 14, '2026-01-14', '2026-01-24', 7500.00, 975.00, false, 45, '北京市大兴区亦庄经济技术开发区科创五街38号', '韩经理', '021-58666666', '3M便利贴采购', 'draft', false, '2026-01-14 10:00:00', '2026-01-14 10:00:00'),
(17, 'PO202508017', 29, '2026-01-15', '2026-01-25', 75000.00, 9750.00, false, 30, '西安市未央区凤城八路168号', '吕经理', '021-54626666', 'NSK轴承采购', 'draft', false, '2026-01-15 10:00:00', '2026-01-15 10:00:00'),
(18, 'PO202508018', 31, '2026-01-15', '2026-01-25', 54000.00, 7020.00, false, 45, '天津市武清区开发区福源道18号', '魏经理', '010-64766666', '西门子接触器采购', 'draft', false, '2026-01-15 10:00:00', '2026-01-15 10:00:00'),
(19, 'PO202509019', 4, '2025-08-20', '2025-08-30', 297000.00, 38610.00, false, 30, '北京市大兴区亦庄经济技术开发区科创五街38号', '赵经理', '010-57266666', '小米14采购', 'cancelled', false, '2025-08-20 10:00:00', '2026-01-01 10:00:00'),
(20, 'PO202509020', 2, '2025-08-25', '2025-09-05', 190000.00, 24700.00, false, 45, '上海市松江区洞泾镇洞薛路168号', '李经理', '021-38666666', 'Dell笔记本采购', 'cancelled', false, '2025-08-25 10:00:00', '2026-01-01 10:00:00');

-- 采购订单明细
INSERT INTO purchase_order_items (id, order_id, product_code, product_name, specification, unit, quantity, received_quantity, unit_price, amount, tax_rate, notes) VALUES
(1, 1, 'P001', '联想ThinkPad E15笔记本', 'E15/i7-1165G7/16G/512G/集显/Win11', '台', 150.00, 150.00, 4200.00, 630000.00, 13.00, NULL),
(2, 2, 'P007', '三星27寸4K显示器', 'U28R550/4K/IPS/护眼', '台', 100.00, 100.00, 2720.00, 272000.00, 13.00, NULL),
(3, 3, 'P022', '华为Mate 60 Pro', '512G/雅川青/卫星通话', '台', 55.00, 30.00, 7000.00, 385000.00, 13.00, NULL),
(4, 4, 'P011', '得力文件夹A4', '蓝色/PP材质/50页装', '个', 5000.00, 5000.00, 9.00, 45000.00, 13.00, NULL),
(5, 5, 'P016', '震旦办公椅', '网布/可调节扶手/带腰靠/黑色', '把', 200.00, 200.00, 1280.00, 256000.00, 13.00, NULL),
(6, 6, 'P005', '苹果MacBook Air', 'M2/8G/256G/13.6寸/午夜色', '台', 70.00, 40.00, 9990.00, 699300.00, 13.00, NULL),
(7, 7, 'P046', 'Windows 11专业版', 'FPP/数字授权/OEM包', '套', 80.00, 80.00, 1690.00, 135200.00, 13.00, NULL),
(8, 8, 'P025', '华为Wi-Fi 6路由器', 'AX3 Pro/3000M/千兆/支持Mesh', '台', 150.00, 150.00, 1360.00, 204000.00, 13.00, NULL),
(9, 9, 'P008', '罗技MX Master 3鼠标', '黑色/无线/8000DPI/人体工学', '个', 100.00, 100.00, 599.00, 59900.00, 13.00, NULL),
(10, 10, 'P037', '农夫山泉水', '550ml x24瓶/箱', '箱', 1000.00, 1000.00, 36.00, 36000.00, 13.00, NULL);

-- =====================================================
-- 8. 销售订单模块
-- =====================================================

INSERT INTO sales_orders (id, order_no, customer_id, order_date, delivery_date, total_amount, tax_amount, tax_inclusive, discount_amount, paid_amount, payment_terms, delivery_address, contact, contact_phone, salesperson_id, notes, status, is_deleted, created_at, updated_at) VALUES
(1, 'SO202509001', 1, '2025-09-20', '2025-09-30', 588000.00, 76440.00, false, 29400.00, 0.00, 30, '北京市海淀区中关村软件园', '张总', '13901000001', 3, 'ThinkPad批量销售', 'confirmed', false, '2025-09-20 10:00:00', '2026-01-01 10:00:00'),
(2, 'SO202509002', 2, '2025-09-25', '2025-10-05', 285000.00, 37050.00, false, 0.00, 142500.00, 45, '上海市浦东新区陆家嘴金融中心', '李总', '13902000002', 3, 'Dell显示器销售', 'shipped', false, '2025-09-25 10:00:00', '2026-01-01 10:00:00'),
(3, 'SO202510003', 3, '2025-10-15', '2025-10-22', 349950.00, 45493.50, false, 0.00, 0.00, 30, '深圳市南山区科技园南区', '王总', '13903000003', 7, '华为手机销售', 'partial_shipped', false, '2025-10-15 10:00:00', '2026-01-01 10:00:00'),
(4, 'SO202510004', 4, '2025-10-20', '2025-10-28', 98000.00, 12740.00, false, 4900.00, 49000.00, 30, '广州市天河区珠江新城', '刘总', '13904000004', 7, '办公椅销售', 'shipped', false, '2025-10-20 10:00:00', '2026-01-01 10:00:00'),
(5, 'SO202511005', 5, '2025-11-12', '2025-11-20', 299700.00, 38961.00, false, 0.00, 0.00, 30, '成都市高新区天府大道', '陈总', '13905000005', 7, 'iPhone销售', 'confirmed', false, '2025-11-12 10:00:00', '2026-01-01 10:00:00'),
(6, 'SO202511006', 6, '2025-11-18', '2025-11-26', 155520.00, 20217.60, false, 0.00, 77760.00, 15, '杭州市余杭区阿里巴巴园区', '杨总', '13906000006', 7, '路由器销售', 'shipped', false, '2025-11-18 10:00:00', '2026-01-01 10:00:00'),
(7, 'SO202512007', 7, '2025-12-05', '2025-12-12', 323400.00, 42042.00, false, 0.00, 0.00, 30, '南京市江宁区开发区', '周总', '13907000007', 3, '小米手机销售', 'confirmed', false, '2025-12-05 10:00:00', '2026-01-01 10:00:00'),
(8, 'SO202512008', 8, '2025-12-12', '2025-12-20', 416500.00, 54145.00, false, 20825.00, 0.00, 30, '武汉市东湖高新区光谷大道', '吴总', '13908000008', 3, '升降桌销售', 'pending', false, '2025-12-12 10:00:00', '2026-01-01 10:00:00'),
(9, 'SO202601009', 9, '2026-01-08', '2026-01-15', 124800.00, 16224.00, false, 0.00, 0.00, 30, '西安市航天基地神舟七路', '郑总', '13909000009', 7, '显示器销售', 'pending', false, '2026-01-08 10:00:00', '2026-01-08 10:00:00'),
(10, 'SO202601010', 10, '2026-01-12', '2026-01-20', 57000.00, 7410.00, false, 2850.00, 0.00, 30, '天津市滨海新区开发区', '马总', '13910000010', 7, '办公椅销售', 'draft', false, '2026-01-12 10:00:00', '2026-01-12 10:00:00'),
(11, 'SO202601011', 11, '2026-01-13', '2026-01-21', 276000.00, 35880.00, false, 0.00, 0.00, 30, '苏州市工业园区星湖街', '徐总', '13911000011', 3, 'ThinkPad销售', 'draft', false, '2026-01-13 10:00:00', '2026-01-13 10:00:00'),
(12, 'SO202601012', 12, '2026-01-14', '2026-01-22', 209850.00, 27280.50, false, 0.00, 0.00, 30, '重庆市渝北区两江新区', '赵总', '13912000012', 7, '华为手机销售', 'draft', false, '2026-01-14 10:00:00', '2026-01-14 10:00:00'),
(13, 'SO202601013', 13, '2026-01-14', '2026-01-22', 47800.00, 6214.00, false, 2390.00, 23900.00, 30, '长沙市高新区麓谷大道', '孙总', '13913000013', 7, '路由器销售', 'partial_paid', false, '2026-01-14 10:00:00', '2026-01-14 10:00:00'),
(14, 'SO202509014', 14, '2025-09-28', '2025-10-06', 450000.00, 58500.00, false, 22500.00, 450000.00, 30, '青岛市崂山区海尔路', '朱总', '13914000014', 3, '升降桌销售', 'paid', false, '2025-09-28 10:00:00', '2026-01-01 10:00:00'),
(15, 'SO202510015', 15, '2025-10-25', '2025-11-02', 236400.00, 30732.00, false, 11820.00, 236400.00, 30, '大连市沙河口区数码路', '高总', '13915000015', 3, 'iPhone销售', 'paid', false, '2025-10-25 10:00:00', '2026-01-01 10:00:00'),
(16, 'SO202511016', 16, '2025-11-22', '2025-11-30', 156000.00, 20280.00, false, 7800.00, 156000.00, 30, '厦门市火炬高新区创新路', '林总', '13916000016', 7, '显示器销售', 'paid', false, '2025-11-22 10:00:00', '2026-01-01 10:00:00'),
(17, 'SO202512017', 17, '2025-12-15', '2025-12-23', 128000.00, 16640.00, false, 6400.00, 128000.00, 30, '济南市高新区舜华路', '韩总', '13917000017', 7, '办公椅销售', 'paid', false, '2025-12-15 10:00:00', '2026-01-01 10:00:00'),
(18, 'SO202512018', 18, '2025-12-20', '2025-12-28', 187200.00, 24336.00, false, 0.00, 0.00, 30, '沈阳市浑南新区新运河路', '冯总', '13918000018', 3, '小米手机销售', 'cancelled', false, '2025-12-20 10:00:00', '2026-01-01 10:00:00'),
(19, 'SO202601019', 19, '2026-01-14', '2026-01-22', 116700.00, 15171.00, false, 5835.00, 58350.00, 30, '合肥市高新区创新大道', '袁总', '13919000019', 7, 'ThinkPad销售', 'partial_paid', false, '2026-01-14 10:00:00', '2026-01-14 10:00:00'),
(20, 'SO202601020', 20, '2026-01-15', '2026-01-23', 109200.00, 14196.00, false, 5460.00, 0.00, 30, '郑州市航空港区迎宾大道', '许总', '13920000020', 7, '显示器销售', 'draft', false, '2026-01-15 10:00:00', '2026-01-15 10:00:00'),
(21, 'SO202509021', 21, '2025-09-30', '2025-10-08', 96000.00, 12480.00, false, 4800.00, 0.00, 30, '石家庄市开发区黄河大道', '蔡总', '13921000021', 7, '办公椅销售', 'closed', false, '2025-09-30 10:00:00', '2026-01-01 10:00:00'),
(22, 'SO202510022', 22, '2025-10-28', '2025-11-05', 88200.00, 11466.00, false, 4410.00, 88200.00, 30, '太原市高新区长治路', '麦总', '13922000022', 7, '路由器销售', 'paid', false, '2025-10-28 10:00:00', '2026-01-01 10:00:00'),
(23, 'SO202511023', 23, '2025-11-25', '2025-12-03', 273000.00, 35490.00, false, 13650.00, 0.00, 30, '南昌市高新区火炬大道', '潘总', '13923000023', 3, 'iPhone销售', 'closed', false, '2025-11-25 10:00:00', '2026-01-01 10:00:00'),
(24, 'SO202512024', 24, '2025-12-22', '2025-12-30', 45000.00, 5850.00, false, 2250.00, 45000.00, 30, '北京市朝阳区', '汤总', '13924000024', 7, '显示器销售', 'paid', false, '2025-12-22 10:00:00', '2026-01-01 10:00:00'),
(25, 'SO202601025', 25, '2026-01-15', '2026-01-23', 79800.00, 10374.00, false, 3990.00, 0.00, 30, '上海市浦东', '康总', '13925000025', 7, '办公椅销售', 'cancelled', false, '2026-01-15 10:00:00', '2026-01-15 10:00:00');

-- =====================================================
-- 9. 库存调拨模块
-- =====================================================

INSERT INTO inventory_transfers (id, transfer_no, from_warehouse_id, to_warehouse_id, transfer_date, notes, status, is_deleted, created_at, updated_at) VALUES
(1, 'TF202510001', 1, 2, '2025-10-15', '北京→上海 调拨ThinkPad', 'completed', false, '2025-10-15 10:00:00', '2026-01-01 10:00:00'),
(2, 'TF202510002', 1, 3, '2025-10-20', '北京→广州 调拨显示器', 'completed', false, '2025-10-20 10:00:00', '2026-01-01 10:00:00'),
(3, 'TF202511003', 2, 4, '2025-11-05', '上海→深圳 调拨手机', 'completed', false, '2025-11-05 10:00:00', '2026-01-01 10:00:00'),
(4, 'TF202511004', 1, 5, '2025-11-12', '北京→成都 调拨办公家具', 'completed', false, '2025-11-12 10:00:00', '2026-01-01 10:00:00'),
(5, 'TF202511005', 3, 1, '2025-11-18', '广州→北京 调拨网络设备', 'completed', false, '2025-11-18 10:00:00', '2026-01-01 10:00:00'),
(6, 'TF202512006', 2, 7, '2025-12-08', '上海→杭州 调拨办公用品', 'completed', false, '2025-12-08 10:00:00', '2026-01-01 10:00:00'),
(7, 'TF202512007', 1, 8, '2025-12-15', '北京→西安 调拨路由器', 'in_transit', false, '2025-12-15 10:00:00', '2026-01-01 10:00:00'),
(8, 'TF202601008', 2, 9, '2026-01-08', '上海→南京 调拨笔记本电脑', 'approved', false, '2026-01-08 10:00:00', '2026-01-08 10:00:00'),
(9, 'TF202601009', 3, 10, '2026-01-12', '广州→天津 调拨办公椅', 'pending', false, '2026-01-12 10:00:00', '2026-01-12 10:00:00'),
(10, 'TF202601010', 1, 11, '2026-01-14', '北京→苏州 调拨显示器', 'pending', false, '2026-01-14 10:00:00', '2026-01-14 10:00:00'),
(11, 'TF202601011', 2, 12, '2026-01-15', '上海→重庆 调拨手机', 'draft', false, '2026-01-15 10:00:00', '2026-01-15 10:00:00'),
(12, 'TF202601012', 3, 6, '2026-01-15', '广州→武汉 调拨日用品', 'draft', false, '2026-01-15 10:00:00', '2026-01-15 10:00:00'),
(13, 'TF202511013', 1, 4, '2025-11-22', '北京→深圳 调拨键盘', 'rejected', false, '2025-11-22 10:00:00', '2026-01-01 10:00:00'),
(14, 'TF202511014', 2, 3, '2025-11-28', '上海→广州 调拨鼠标', 'cancelled', false, '2025-11-28 10:00:00', '2026-01-01 10:00:00'),
(15, 'TF202512015', 1, 2, '2025-12-22', '北京→上海 调拨文具', 'cancelled', false, '2025-12-22 10:00:00', '2026-01-01 10:00:00');

-- 库存调拨明细
INSERT INTO inventory_transfer_items (id, transfer_id, product_id, quantity, notes) VALUES
(1, 1, 1, 30.00, NULL),
(2, 2, 7, 50.00, NULL),
(3, 3, 5, 25.00, NULL),
(4, 4, 16, 15.00, NULL),
(5, 5, 25, 40.00, NULL),
(6, 6, 11, 200.00, NULL),
(7, 7, 25, 30.00, NULL),
(8, 8, 1, 20.00, NULL),
(9, 9, 16, 10.00, NULL),
(10, 10, 7, 25.00, NULL);

-- =====================================================
-- 10. 财务管理模块
-- =====================================================

-- 会计科目
INSERT INTO accounts (id, code, name, account_type, parent_id, level, description, is_active, created_at, updated_at) VALUES
(1, '1001', '库存现金', 'asset', NULL, 1, '库存现金科目', true, '2025-01-01 10:00:00', '2026-01-01 10:00:00'),
(2, '1002', '银行存款', 'asset', NULL, 1, '银行存款科目', true, '2025-01-01 10:00:00', '2026-01-01 10:00:00'),
(3, '1122', '应收账款', 'asset', NULL, 1, '应收账款科目', true, '2025-01-01 10:00:00', '2026-01-01 10:00:00'),
(4, '1403', '原材料', 'asset', NULL, 1, '原材料科目', true, '2025-01-01 10:00:00', '2026-01-01 10:00:00'),
(5, '1405', '库存商品', 'asset', NULL, 1, '库存商品科目', true, '2025-01-01 10:00:00', '2026-01-01 10:00:00'),
(6, '2202', '应付账款', 'liability', NULL, 1, '应付账款科目', true, '2025-01-01 10:00:00', '2026-01-01 10:00:00'),
(7, '2221', '应付职工薪酬', 'liability', NULL, 1, '应付职工薪酬科目', true, '2025-01-01 10:00:00', '2026-01-01 10:00:00'),
(8, '4001', '实收资本', 'equity', NULL, 1, '实收资本科目', true, '2025-01-01 10:00:00', '2026-01-01 10:00:00'),
(9, '6001', '主营业务收入', 'revenue', NULL, 1, '主营业务收入科目', true, '2025-01-01 10:00:00', '2026-01-01 10:00:00'),
(10, '6401', '主营业务成本', 'expense', NULL, 1, '主营业务成本科目', true, '2025-01-01 10:00:00', '2026-01-01 10:00:00'),
(11, '6602', '销售费用', 'expense', NULL, 1, '销售费用科目', true, '2025-01-01 10:00:00', '2026-01-01 10:00:00'),
(12, '6603', '管理费用', 'expense', NULL, 1, '管理费用科目', true, '2025-01-01 10:00:00', '2026-01-01 10:00:00');

-- 收付款方式
INSERT INTO payment_methods (id, code, name, description, is_active, created_at, updated_at) VALUES
(1, 'CASH', '现金', '现金支付', true, '2025-01-01 10:00:00', '2026-01-01 10:00:00'),
(2, 'BANK_TRANSFER', '银行转账', '银行转账支付', true, '2025-01-01 10:00:00', '2026-01-01 10:00:00'),
(3, 'ALIPAY', '支付宝', '支付宝支付', true, '2025-01-01 10:00:00', '2026-01-01 10:00:00'),
(4, 'WECHAT', '微信支付', '微信支付', true, '2025-01-01 10:00:00', '2026-01-01 10:00:00'),
(5, 'CHEQUE', '支票', '支票支付', true, '2025-01-01 10:00:00', '2026-01-01 10:00:00'),
(6, 'CREDIT_CARD', '信用卡', '信用卡支付', true, '2025-01-01 10:00:00', '2026-01-01 10:00:00'),
(7, 'POS', 'POS机', 'POS机刷卡支付', true, '2025-01-01 10:00:00', '2026-01-01 10:00:00');

-- 应收账款
INSERT INTO receivables (id, receivable_no, customer_id, sales_order_id, amount, paid_amount, remaining_amount, due_date, status, notes, is_deleted, created_at, updated_at) VALUES
(1, 'AR202509001', 1, 1, 588000.00, 294000.00, 294000.00, '2025-10-20', 'partial_paid', 'ThinkPad销售应收款', false, '2025-09-20 10:00:00', '2026-01-01 10:00:00'),
(2, 'AR202509002', 2, 2, 285000.00, 285000.00, 0.00, '2025-10-25', 'paid', 'Dell显示器应收款', false, '2025-09-25 10:00:00', '2026-01-01 10:00:00'),
(3, 'AR202510003', 3, 3, 349950.00, 174975.00, 174975.00, '2025-11-15', 'partial_paid', '华为手机应收款', false, '2025-10-15 10:00:00', '2026-01-01 10:00:00'),
(4, 'AR202510004', 4, 4, 93100.00, 49000.00, 44100.00, '2025-11-20', 'partial_paid', '办公椅应收款', false, '2025-10-20 10:00:00', '2026-01-01 10:00:00'),
(5, 'AR202511005', 5, 5, 299700.00, 0.00, 299700.00, '2025-12-12', 'pending', 'iPhone应收款', false, '2025-11-12 10:00:00', '2026-01-01 10:00:00'),
(6, 'AR202511006', 6, 6, 155520.00, 77760.00, 77760.00, '2025-12-18', 'partial_paid', '路由器应收款', false, '2025-11-18 10:00:00', '2026-01-01 10:00:00'),
(7, 'AR202512007', 7, 7, 323400.00, 0.00, 323400.00, '2026-01-12', 'pending', '小米手机应收款', false, '2025-12-05 10:00:00', '2026-01-01 10:00:00'),
(8, 'AR202512008', 8, 8, 395675.00, 0.00, 395675.00, '2026-01-20', 'pending', '升降桌应收款', false, '2025-12-12 10:00:00', '2026-01-01 10:00:00'),
(9, 'AR202601009', 9, 9, 124800.00, 0.00, 124800.00, '2026-02-15', 'pending', '显示器应收款', false, '2026-01-08 10:00:00', '2026-01-08 10:00:00'),
(10, 'AR202509014', 14, 14, 427500.00, 427500.00, 0.00, '2025-10-28', 'paid', '升降桌应收款', false, '2025-09-28 10:00:00', '2026-01-01 10:00:00'),
(11, 'AR202510015', 15, 15, 224580.00, 224580.00, 0.00, '2025-11-25', 'paid', 'iPhone应收款', false, '2025-10-25 10:00:00', '2026-01-01 10:00:00'),
(12, 'AR202511016', 16, 16, 148200.00, 148200.00, 0.00, '2025-12-22', 'paid', '显示器应收款', false, '2025-11-22 10:00:00', '2026-01-01 10:00:00'),
(13, 'AR202512017', 17, 17, 121600.00, 121600.00, 0.00, '2026-01-15', 'paid', '办公椅应收款', false, '2025-12-15 10:00:00', '2026-01-01 10:00:00'),
(14, 'AR202512024', 24, 24, 42750.00, 42750.00, 0.00, '2026-01-20', 'paid', '显示器应收款', false, '2025-12-22 10:00:00', '2026-01-01 10:00:00'),
(15, 'AR202601019', 19, 19, 110865.00, 55432.50, 55432.50, '2026-02-22', 'partial_paid', 'ThinkPad应收款', false, '2026-01-14 10:00:00', '2026-01-14 10:00:00'),
(16, 'AR202509001', 21, 21, 91200.00, 91200.00, 0.00, '2025-10-30', 'paid', '办公椅应收款', false, '2025-09-30 10:00:00', '2026-01-01 10:00:00'),
(17, 'AR202510022', 22, 22, 83790.00, 83790.00, 0.00, '2025-11-25', 'paid', '路由器应收款', false, '2025-10-28 10:00:00', '2026-01-01 10:00:00'),
(18, 'AR202509001', 24, 24, 45000.00, 0.00, 45000.00, '2025-11-30', 'overdue', '显示器逾期应收', false, '2025-09-29 10:00:00', '2026-01-01 10:00:00');

-- 应付账款
INSERT INTO payables (id, payable_no, supplier_id, purchase_order_id, amount, paid_amount, remaining_amount, due_date, status, notes, is_deleted, created_at, updated_at) VALUES
(1, 'AP202509001', 1, 1, 630000.00, 315000.00, 315000.00, '2025-10-25', 'partial_paid', 'ThinkPad采购应付款', false, '2025-09-15 10:00:00', '2026-01-01 10:00:00'),
(2, 'AP202509002', 2, 2, 272000.00, 272000.00, 0.00, '2025-10-28', 'paid', 'Dell显示器应付款', false, '2025-09-18 10:00:00', '2026-01-01 10:00:00'),
(3, 'AP202510003', 3, 3, 385000.00, 192500.00, 192500.00, '2025-11-15', 'partial_paid', '华为手机应付款', false, '2025-10-08 10:00:00', '2026-01-01 10:00:00'),
(4, 'AP202510004', 5, 4, 45000.00, 45000.00, 0.00, '2025-11-05', 'paid', '办公文具应付款', false, '2025-10-12 10:00:00', '2026-01-01 10:00:00'),
(5, 'AP202511005', 7, 5, 256000.00, 0.00, 256000.00, '2025-12-15', 'pending', '办公椅应付款', false, '2025-11-05 10:00:00', '2026-01-01 10:00:00'),
(6, 'AP202511006', 13, 6, 699300.00, 349650.00, 349650.00, '2025-12-20', 'partial_paid', 'iPhone应付款', false, '2025-11-10 10:00:00', '2026-01-01 10:00:00'),
(7, 'AP202511007', 24, 7, 135200.00, 135200.00, 0.00, '2025-12-25', 'paid', 'Windows软件应付款', false, '2025-11-15 10:00:00', '2026-01-01 10:00:00'),
(8, 'AP202512008', 27, 8, 204000.00, 0.00, 204000.00, '2026-01-10', 'pending', '网络设备应付款', false, '2025-12-01 10:00:00', '2026-01-01 10:00:00'),
(9, 'AP202512009', 10, 9, 59900.00, 59900.00, 0.00, '2026-01-18', 'paid', '罗技鼠标应付款', false, '2025-12-08 10:00:00', '2026-01-01 10:00:00'),
(10, 'AP202512010', 19, 10, 36000.00, 36000.00, 0.00, '2026-01-25', 'paid', '农夫山泉应付款', false, '2025-12-15 10:00:00', '2026-01-01 10:00:00'),
(11, 'AP202509014', 14, 16, 7500.00, 7500.00, 0.00, '2025-11-08', 'paid', '3M便利贴应付款', false, '2025-09-25 10:00:00', '2026-01-01 10:00:00'),
(12, 'AP202510015', 22, 17, 15800.00, 15800.00, 0.00, '2025-12-10', 'paid', '雀巢咖啡应付款', false, '2025-10-18 10:00:00', '2026-01-01 10:00:00'),
(13, 'AP202511016', 29, 18, 75000.00, 37500.00, 37500.00, '2026-01-25', 'partial_paid', 'NSK轴承应付款', false, '2025-11-20 10:00:00', '2026-01-01 10:00:00'),
(14, 'AP202511017', 31, 19, 54000.00, 0.00, 54000.00, '2026-01-25', 'overdue', '西门子接触器逾期', false, '2025-11-22 10:00:00', '2026-01-01 10:00:00'),
(15, 'AP202512018', 33, 20, 18000.00, 0.00, 18000.00, '2026-01-05', 'overdue', '问题供应商逾期款', false, '2025-12-01 10:00:00', '2026-01-01 10:00:00');

-- 收付款记录
INSERT INTO payments (id, payment_no, payment_type, receivable_id, payable_id, amount, payment_method_id, payment_date, reference_no, notes, status, is_deleted, created_by, created_at, updated_at) VALUES
-- 收款记录
(1, 'PAY202509001', 'receipt', 1, NULL, 294000.00, 2, '2025-09-25', 'BOC20250925001', 'ThinkPad部分收款', 'completed', false, 5, '2025-09-25 10:00:00', '2026-01-01 10:00:00'),
(2, 'PAY202509002', 'receipt', 2, NULL, 285000.00, 2, '2025-10-08', 'BOC20251008001', 'Dell显示器全额收款', 'completed', false, 5, '2025-10-08 10:00:00', '2026-01-01 10:00:00'),
(3, 'PAY202510003', 'receipt', 3, NULL, 174975.00, 2, '2025-10-25', 'BOC20251025001', '华为手机部分收款', 'completed', false, 5, '2025-10-25 10:00:00', '2026-01-01 10:00:00'),
(4, 'PAY202510004', 'receipt', 4, NULL, 49000.00, 3, '2025-11-05', 'ALIPAY20251105001', '办公椅部分收款', 'completed', false, 5, '2025-11-05 10:00:00', '2026-01-01 10:00:00'),
(5, 'PAY202511005', 'receipt', 6, NULL, 77760.00, 2, '2025-11-25', 'BOC20251125001', '路由器部分收款', 'completed', false, 5, '2025-11-25 10:00:00', '2026-01-01 10:00:00'),
(6, 'PAY202511006', 'receipt', 10, NULL, 427500.00, 2, '2025-11-28', 'BOC20251128001', '升降桌全额收款', 'completed', false, 5, '2025-11-28 10:00:00', '2026-01-01 10:00:00'),
(7, 'PAY202512007', 'receipt', 11, NULL, 224580.00, 2, '2025-12-08', 'BOC20251208001', 'iPhone全额收款', 'completed', false, 5, '2025-12-08 10:00:00', '2026-01-01 10:00:00'),
(8, 'PAY202512008', 'receipt', 12, NULL, 148200.00, 2, '2025-12-15', 'BOC20251215001', '显示器全额收款', 'completed', false, 5, '2025-12-15 10:00:00', '2026-01-01 10:00:00'),
(9, 'PAY202512009', 'receipt', 13, NULL, 121600.00, 2, '2025-12-22', 'BOC20251222001', '办公椅全额收款', 'completed', false, 5, '2025-12-22 10:00:00', '2026-01-01 10:00:00'),
(10, 'PAY202601010', 'receipt', 14, NULL, 42750.00, 2, '2026-01-08', 'BOC20260108001', '显示器全额收款', 'completed', false, 5, '2026-01-08 10:00:00', '2026-01-08 10:00:00'),
(11, 'PAY202501011', 'receipt', 16, NULL, 91200.00, 2, '2025-10-15', 'BOC20251015001', '办公椅全额收款', 'completed', false, 5, '2025-10-15 10:00:00', '2026-01-01 10:00:00'),
(12, 'PAY202510012', 'receipt', 17, NULL, 83790.00, 2, '2025-11-08', 'BOC20251108001', '路由器全额收款', 'completed', false, 5, '2025-11-08 10:00:00', '2026-01-01 10:00:00'),
(13, 'PAY202601013', 'receipt', 15, NULL, 55432.50, 2, '2026-01-15', 'BOC20260115001', 'ThinkPad部分收款', 'completed', false, 5, '2026-01-15 10:00:00', '2026-01-15 10:00:00'),

-- 付款记录
(14, 'PAY202510014', 'payment', NULL, 1, 315000.00, 2, '2025-10-20', 'BOC20251020001', 'ThinkPad部分付款', 'completed', false, 2, '2025-10-20 10:00:00', '2026-01-01 10:00:00'),
(15, 'PAY202510015', 'payment', NULL, 2, 272000.00, 2, '2025-10-25', 'BOC20251025002', 'Dell显示器全额付款', 'completed', false, 2, '2025-10-25 10:00:00', '2026-01-01 10:00:00'),
(16, 'PAY202511016', 'payment', NULL, 3, 192500.00, 2, '2025-11-10', 'BOC20251110001', '华为手机部分付款', 'completed', false, 2, '2025-11-10 10:00:00', '2026-01-01 10:00:00'),
(17, 'PAY202511017', 'payment', NULL, 4, 45000.00, 2, '2025-11-05', 'BOC20251105001', '办公文具全额付款', 'completed', false, 2, '2025-11-05 10:00:00', '2026-01-01 10:00:00'),
(18, 'PAY202512018', 'payment', NULL, 6, 349650.00, 2, '2025-12-15', 'BOC20251215002', 'iPhone部分付款', 'completed', false, 2, '2025-12-15 10:00:00', '2026-01-01 10:00:00'),
(19, 'PAY202512019', 'payment', NULL, 7, 135200.00, 2, '2025-12-20', 'BOC20251220001', 'Windows软件全额付款', 'completed', false, 2, '2025-12-20 10:00:00', '2026-01-01 10:00:00'),
(20, 'PAY202601020', 'payment', NULL, 9, 59900.00, 2, '2026-01-12', 'BOC20260112001', '罗技鼠标全额付款', 'completed', false, 2, '2026-01-12 10:00:00', '2026-01-12 10:00:00'),
(21, 'PAY202601021', 'payment', NULL, 10, 36000.00, 2, '2026-01-18', 'BOC20260118001', '农夫山泉全额付款', 'completed', false, 2, '2026-01-18 10:00:00', '2026-01-18 10:00:00'),
(22, 'PAY202510022', 'payment', NULL, 11, 7500.00, 2, '2025-10-28', 'BOC20251028001', '3M便利贴付款', 'completed', false, 2, '2025-10-28 10:00:00', '2026-01-01 10:00:00'),
(23, 'PAY202511023', 'payment', NULL, 12, 15800.00, 2, '2025-11-25', 'BOC20251125002', '雀巢咖啡付款', 'completed', false, 2, '2025-11-25 10:00:00', '2026-01-01 10:00:00'),
(24, 'PAY202512024', 'payment', NULL, 13, 37500.00, 2, '2025-12-22', 'BOC20251222002', 'NSK轴承部分付款', 'completed', false, 2, '2025-12-22 10:00:00', '2026-01-01 10:00:00');

-- =====================================================
-- 数据统计说明
-- =====================================================
--
-- 模块统计:
-- 1. 用户权限: 15用户, 12角色, 15用户角色关联
-- 2. 组织架构: 12部门, 8职位, 15员工档案
-- 3. 仓库: 12个仓库(覆盖全国主要城市)
-- 4. 产品: 50个产品(涵盖电子、办公、家具、通讯、网络、机械、日用品、食品、软件等类别)
-- 5. 库存: 30条库存记录(3个仓库 x 10个产品)
-- 6. 供应商: 35个供应商(含停用/黑名单状态)
-- 7. 客户: 30个客户(含逾期/停用状态)
-- 8. 采购订单: 20个订单(涵盖草稿/待审/已确认/部分收货/已收货/已取消状态)
-- 9. 销售订单: 25个订单(涵盖草稿/待审/已确认/部分发货/已发货/部分收款/已收款/已关闭/已取消状态)
-- 10. 库存调拨: 15个调拨单(涵盖草稿/待审/已批准/调拨中/已完成/已拒绝/已取消状态)
-- 11. 财务: 12会计科目, 7收付款方式, 18应收账款, 15应付账款, 24收付款记录
--
-- 总计: 约270+条数据记录
--
-- 使用说明:
-- 1. 将此SQL文件导入到MySQL数据库中
-- 2. 确保数据库表结构与模型定义一致
-- 3. 主键ID从1开始自增，如需避免冲突可先清空表
-- 4. 密码哈希为"admin123"的BCrypt哈希值
-- 5. 日期范围: 2025-01-01 至 2026-01-15
-- 6. 地理位置: 覆盖全国主要城市(北京、上海、广州、深圳、成都、武汉、西安、杭州、南京、天津、苏州、重庆等)
-- 7. 产品类别: 笔记本电脑、显示器、电脑配件、办公文具、办公家具、手机、网络设备、机械配件、日用品、饮料食品、软件服务等
-- 8. 状态覆盖: active/inactive/blacklist/discontinued/obsolete/pending/confirmed/partial_received/received/cancelled/draft/partial_paid/paid/closed/overdue等
--
======================================================
